TotalPackets, totalPacketsIn, totalPacketsOut, totalBytes, totalBytesIn, totalBytesOut, minPacketSize, maxPacketSize, meanPacketSizes, stdevPacketSizes, variancePacketSizes, kurtosisPacketSizes, skewPacketSizes, p10PacketSizes, p20PacketSizes, p30PacketSizes, p40PacketSizes, p50PacketSizes, p60PacketSizes, p70PacketSizes, p80PacketSizes, p90PacketSizes, minPacketSizeIn, maxPacketSizeIn, meanPacketSizesIn, stdevPacketSizesIn, variancePacketSizesIn, skewPacketSizesIn, kurtosisPacketSizesIn, p10PacketSizesIn, p20PacketSizesIn, p30PacketSizesIn, p40PacketSizesIn, p50PacketSizesIn, p60PacketSizesIn, p70PacketSizesIn, p80PacketSizesIn, p90PacketSizesIn, minPacketSizeOut, maxPacketSizeOut, meanPacketSizesOut, stdevPacketSizesOut, variancePacketSizesOut, skewPacketSizesOut, kurtosisPacketSizesOut, p10PacketSizesOut, p20PacketSizesOut, p30PacketSizesOut, p40PacketSizesOut, p50PacketSizesOut, p60PacketSizesOut, p70PacketSizesOut, p80PacketSizesOut, p90PacketSizesOut, maxIPT, minIPT, meanPacketTimes, stdevPacketTimes, variancePacketTimes, kurtosisPacketTimes, skewPacketTimes, p10PacketTimes, p20PacketTimes, p30PacketTimes, p40PacketTimes, p50PacketTimes, p60PacketTimes, p70PacketTimes, p80PacketTimes, p90PacketTimes, minPacketTimesIn, maxPacketTimesIn, meanPacketTimesIn, stdevPacketTimesIn, variancePacketTimesIn, skewPacketTimesIn, kurtosisPacketTimesIn, p10PacketTimesIn, p20PacketTimesIn, p30PacketTimesIn, p40PacketTimesIn, p50PacketTimesIn, p60PacketTimesIn, p70PacketTimesIn, p80PacketTimesIn, p90PacketTimesIn, minPacketTimesOut, maxPacketTimesOut, meanPacketTimesOut, stdevPacketTimesOut, variancePacketTimesOut, skewPacketTimesOut, kurtosisPacketTimesOut, p10PacketTimesOut, p20PacketTimesOut, p30PacketTimesOut, p40PacketTimesOut, p50PacketTimesOut, p60PacketTimesOut, p70PacketTimesOut, p80PacketTimesOut, p90PacketTimesOut, Class
711, 425, 286, 68828, 37374, 31454, 66, 744, 96.80450070323488, 41.610135922992214, 1731.4034115298869, 163.791183566801, 11.321038037883568, 66.0, 66.0, 95.0, 95.0, 95.0, 95.0, 104.0, 104.0, 111.0, 66, 171, 87.93882352941176, 17.492883219235168, 306.00096332179936, 0.09818216753882525, 0.5626260528239659, 66.0, 66.0, 66.0, 95.0, 95.0, 95.0, 104.0, 104.0, 104.0, 66, 744, 109.97902097902097, 59.65905092342214, 3559.2023570834763, 8.933903243311278, 86.88125056974205, 95.0, 95.0, 95.0, 95.0, 95.0, 111.0, 111.0, 111.0, 111.0, 460.35194396972656, 0.0040531158447265625, 38.38350537797095, 61.272654344464414, 3754.338170416214, 3.1750754031215944, 1.8075276021464173, 0.04100799560546875, 0.06737709045410159, 0.21004676818847656, 0.2603530883789064, 13.38350772857666, 18.2568073272705, 24.77729320526123, 30.408334732055813, 161.607027053833, 0.0040531158447265625, 460.35194396972656, 50.73971231028719, 76.17272045944884, 5802.2833421933365, 1.0826621600658246, 0.4317407403484239, 0.03910064697265625, 0.041961669921875, 0.05698204040527344, 0.20427703857421878, 0.21004676818847656, 0.2167701721191406, 118.22731494903564, 161.59610748291016, 161.61513328552246, 0.21219253540039062, 183.76898765563965, 20.065212583208417, 12.502767001182887, 156.31918268586773, 8.139949255552644, 101.48652102833297, 9.66191291809082, 13.365030288696289, 13.417959213256836, 17.088890075683594, 20.645976066589355, 24.72209930419922, 24.764537811279297, 24.80292320251465, 26.517510414123535, press_key
710, 425, 285, 68767, 37374, 31393, 66, 749, 96.85492957746479, 41.733123564619866, 1741.6536024598297, 164.5572994883499, 11.356680032522798, 66.0, 66.0, 95.0, 95.0, 95.0, 95.0, 104.0, 104.0, 111.0, 66, 171, 87.93882352941176, 17.492883219235168, 306.00096332179936, 0.09818216753882525, 0.5626260528239659, 66.0, 66.0, 66.0, 95.0, 95.0, 95.0, 104.0, 104.0, 104.0, 66, 749, 110.15087719298245, 59.89331193898036, 3587.208815020007, 8.952496701559932, 87.09633860452398, 95.0, 95.0, 95.0, 95.0, 95.0, 111.0, 111.0, 111.0, 111.0, 460.64281463623047, 0.0050067901611328125, 38.772719198961354, 62.26231517709863, 3876.595891212366, 3.5324110054041293, 1.860673233164293, 0.05698204040527344, 0.07104873657226562, 0.2090930938720703, 0.2751827239990233, 13.404130935668945, 18.26605796813966, 24.77426528930664, 30.893993377685433, 161.56506538391113, 0.0050067901611328125, 460.64281463623047, 50.81122326401045, 76.22454620833439, 5810.181444666504, 1.0797840934989282, 0.4246006023770481, 0.05698204040527344, 0.05793571472167969, 0.06287097930908203, 0.1873016357421875, 0.20897388458251953, 0.21905899047851562, 121.98529243469221, 161.5549087524414, 161.58361434936523, 0.2429485321044922, 342.7150249481201, 20.86280437937954, 21.531133674863067, 463.58971732482235, 12.189762254151596, 174.46107616775922, 13.238239288330078, 13.384866714477539, 13.436079025268555, 13.500165939331055, 20.70784568786621, 24.647092819213867, 24.769020080566406, 24.796199798583984, 25.089502334594727, press_key
555, 360, 195, 51119, 29417, 21702, 66, 754, 92.10630630630631, 53.66940390190164, 2880.4049151854547, 107.91695799222241, 9.662763129420654, 66.0, 66.0, 66.0, 95.0, 95.0, 95.0, 95.0, 95.0, 95.0, 66, 171, 81.71388888888889, 17.19088344924228, 295.5264737654321, 1.1447048760940748, 3.818900823082269, 66.0, 66.0, 66.0, 66.0, 95.0, 95.0, 95.0, 95.0, 95.0, 66, 754, 111.29230769230769, 84.17242189396161, 7084.996607495068, 6.447372931476918, 42.96431052363563, 95.0, 95.0, 95.0, 95.0, 95.0, 95.0, 95.0, 95.0, 105.0, 502.655029296875, 0.0059604644775390625, 51.456364483609526, 71.28389825434384, 5081.394150335645, 1.5496913861542385, 1.267016651528631, 0.03981590270996094, 0.0400543212890625, 0.05187988281250001, 9.599828720092773, 13.376951217651367, 13.518571853637695, 28.931164741516096, 161.58008575439453, 161.59701347351074, 0.0059604644775390625, 502.655029296875, 70.49342383913343, 81.9053742089468, 6708.490324307607, 0.623333408855952, 0.08996664985341774, 0.03886222839355469, 0.03981590270996094, 0.0400543212890625, 0.04291534423828125, 0.18405914306640625, 161.53826713562012, 161.58080101013184, 161.5920066833496, 161.60645484924316, 0.2110004425048828, 155.5159091949463, 16.408650080362957, 13.795675749195839, 190.32066937695015, 6.978844544055606, 60.00960237868231, 9.59329605102539, 13.305330276489258, 13.355398178100586, 13.376951217651367, 13.389110565185547, 13.41104507446289, 15.00511169433593, 17.27585792541504, 24.885177612304688, press_key
808, 488, 320, 78873, 42589, 36284, 66, 764, 97.61509900990099, 51.21275869554402, 2622.7466532080193, 123.23421956045287, 10.253662782106105, 66.0, 66.0, 95.0, 95.0, 95.0, 95.0, 104.0, 104.0, 111.0, 66, 171, 87.27254098360656, 18.145515639013883, 329.2597378056974, 0.46921012648652327, 1.6835934985851937, 66.0, 66.0, 66.0, 95.0, 95.0, 95.0, 95.0, 104.0, 104.0, 66, 764, 113.3875, 75.5540772807795, 5708.41859375, 7.457840234168298, 57.76557488988891, 95.0, 95.0, 95.0, 95.0, 95.0, 111.0, 111.0, 111.0, 111.0, 461.4429473876953, 0.0059604644775390625, 39.41750319621524, 61.714462463909314, 3808.6748772092715, 2.5961316652794073, 1.7041945419109643, 0.05698204040527344, 0.06427764892578126, 0.21505355834960938, 0.3250598907470705, 13.374805450439453, 17.801094055175763, 24.799156188964844, 50.068378448486875, 161.58089637756348, 0.0059604644775390625, 461.4429473876953, 52.24767162080173, 76.17401148723992, 5802.480026058159, 1.0017272638930235, 0.1358656077235536, 0.05698204040527344, 0.05793571472167969, 0.06103515625, 0.19826889038085938, 0.21505355834960938, 0.23875236511230466, 161.48076057434082, 161.56964302062988, 161.5910530090332, 0.24509429931640625, 137.92705535888672, 19.891590625047684, 11.940295542245368, 142.5706576361646, 5.315582275548589, 42.738114671427454, 12.862849235534675, 13.360023498535156, 13.396692276000977, 13.472175598144531, 17.74609088897705, 23.530054092407234, 24.737238883972168, 24.843215942382812, 26.514124870300293, press_key
799, 482, 317, 78120, 42115, 36005, 66, 759, 97.77221526908636, 51.302784023231965, 2631.9756485343846, 121.47615055450136, 10.18201112277951, 66.0, 66.0, 95.0, 95.0, 95.0, 95.0, 104.0, 104.0, 111.0, 66, 171, 87.37551867219916, 18.182855857582386, 330.61624713761813, 0.4660845994051584, 1.6818677282710066, 66.0, 66.0, 66.0, 95.0, 95.0, 95.0, 95.0, 104.0, 104.0, 66, 759, 113.58044164037855, 75.61051615845625, 5716.950153748173, 7.410738013972624, 57.00732747593299, 95.0, 95.0, 95.0, 95.0, 95.0, 111.0, 111.0, 111.0, 111.0, 460.129976272583, 0.006198883056640625, 39.27163641554371, 62.222026064887125, 3871.5805276194924, 3.084757284157881, 1.789479169677497, 0.0400543212890625, 0.0629425048828125, 0.23708343505859375, 0.3283023834228518, 13.390064239501953, 19.599246978759762, 24.769878387451172, 43.09921264648438, 161.58294677734375, 0.006198883056640625, 460.129976272583, 51.60947995969015, 75.94149476856435, 5767.110627683888, 1.0235722161235525, 0.1908857232872765, 0.03910064697265625, 0.04100799560546875, 0.0591278076171875, 0.19693374633789062, 0.23794174194335938, 0.27298927307128906, 119.60816383361816, 161.5750789642334, 161.5910530090332, 0.24890899658203125, 342.29302406311035, 20.55080756780101, 20.3458482551257, 413.9535412206015, 12.827840691112202, 195.78528010776353, 13.02328109741211, 13.378524780273438, 13.416576385498047, 15.500545501708995, 19.888877868652344, 24.486446380615234, 24.693822860717773, 24.82161521911621, 26.651239395141605, press_key
796, 483, 313, 76858, 42028, 34830, 66, 754, 96.55527638190955, 46.23672657336478, 2137.8348842200962, 144.98990745482655, 10.924764338864145, 66.0, 66.0, 95.0, 95.0, 95.0, 95.0, 104.0, 104.0, 111.0, 66, 171, 87.01449275362319, 17.80634837770182, 317.0660425480842, 0.3273597998882238, 1.1064064011057324, 66.0, 66.0, 66.0, 95.0, 95.0, 95.0, 95.0, 104.0, 104.0, 66, 754, 111.27795527156549, 67.75172723100084, 4590.296542783942, 8.20840811090825, 71.17458818777531, 95.0, 95.0, 95.0, 95.0, 95.0, 111.0, 111.0, 111.0, 111.0, 460.12401580810547, 0.0050067901611328125, 39.78002026395978, 62.62241555773683, 3921.56693028588, 2.5595860184076127, 1.70675539549934, 0.03910064697265625, 0.06008148193359375, 0.21386146545410156, 0.29659271240234375, 13.401985168457031, 18.075084686279297, 24.789047241210938, 51.19438171386884, 161.5640163421631, 0.0050067901611328125, 460.12401580810547, 52.70041964360787, 76.51233683790474, 5854.137688396995, 0.9854309486459257, 0.07352683710793251, 0.03886222839355469, 0.0400543212890625, 0.05793571472167969, 0.19636154174804688, 0.21409988403320312, 0.23159980773925778, 161.49165630340576, 161.55314445495605, 161.58390045166016, 0.2970695495605469, 278.472900390625, 19.883430803926608, 17.105124831071382, 292.58529548653485, 11.483320209284118, 166.1239505070798, 9.562873840332031, 13.386011123657227, 13.414144515991211, 13.51170539855957, 18.073081970214844, 23.142480850219716, 24.71156120300293, 24.84912872314453, 25.024986267089844, press_key
1055, 612, 443, 104576, 55441, 49135, 66, 744, 99.12417061611374, 39.63861315369323, 1571.2196527481417, 180.1321268650311, 11.91375656974499, 66.0, 95.0, 95.0, 95.0, 95.0, 104.0, 104.0, 111.0, 111.0, 66, 171, 90.58986928104575, 17.21215452468416, 296.25826338160533, -0.1460739397092553, 0.762615484093855, 66.0, 66.0, 95.0, 95.0, 95.0, 104.0, 104.0, 104.0, 104.0, 66, 744, 110.91422121896163, 55.614213320560694, 3092.9407232648305, 9.699329859012268, 100.98216118167404, 95.0, 95.0, 95.0, 95.0, 111.0, 111.0, 111.0, 111.0, 111.0, 459.90705490112305, 0.0030994415283203125, 33.55148779599445, 56.15499374025537, 3153.38332196812, 4.1677598215246165, 2.0560731773782592, 0.05602836608886719, 0.19259452819824222, 0.20599365234375, 0.23603439331054688, 13.391971588134766, 20.913076400756836, 24.77097511291504, 27.97112464904792, 161.5776538848877, 0.0030994415283203125, 459.90705490112305, 42.50964985736653, 71.77869585144063, 5152.18117813362, 1.3107574860567706, 0.8422536419316642, 0.05412101745605469, 0.05698204040527344, 0.18215179443359375, 0.19502639770507812, 0.20503997802734375, 0.2110004425048828, 0.2460479736328125, 161.5588665008545, 161.59296035766602, 0.2110004425048828, 190.37985801696777, 21.196099490129114, 11.542926646678609, 133.2391555706031, 8.151633631467524, 109.40914845500198, 13.205671310424805, 13.401222229003906, 15.637826919555645, 20.787954330444336, 24.637937545776367, 24.76210594177246, 24.781370162963867, 24.819326400756836, 28.467369079589844, press_key
413, 265, 148, 39434, 21821, 17613, 66, 749, 95.4818401937046, 68.51816382783224, 4694.7387743376585, 73.469506403315, 8.244892194853499, 66.0, 66.0, 66.0, 95.0, 95.0, 95.0, 95.0, 95.0, 95.0, 66, 171, 82.3433962264151, 18.671110864607826, 348.6103809184764, 1.5401217297919856, 5.235990877004392, 66.0, 66.0, 66.0, 66.0, 95.0, 95.0, 95.0, 95.0, 95.0, 66, 749, 119.00675675675676, 107.76899071510155, 11614.155359751645, 5.2563035656394295, 26.97851987287649, 95.0, 95.0, 95.0, 95.0, 95.0, 95.0, 95.0, 95.0, 124.6000000000007, 502.669095993042, 0.0069141387939453125, 50.653196654273465, 72.87519377702725, 5310.793868039271, 3.6657826002172706, 1.6163869419169252, 0.05698204040527344, 0.05893707275390625, 0.09143352508544915, 13.281488418579102, 13.370990753173828, 13.430213928222656, 26.752018928527832, 161.5687370300293, 161.5959644317627, 0.0069141387939453125, 502.669095993042, 67.8593037706433, 82.18563308869088, 6754.478286188921, 0.8154922898408898, 0.880192593219538, 0.05698204040527344, 0.05698204040527344, 0.05888938903808594, 0.064849853515625, 0.19550323486328125, 116.24126434326155, 161.57102584838867, 161.58981323242188, 161.60504817962646, 0.24390220642089844, 422.1200942993164, 19.961221798046214, 35.57367406493376, 1265.4862864781408, 9.96032659931506, 107.81403555096028, 13.281774520874023, 13.326215744018555, 13.356184959411621, 13.374042510986328, 13.390421867370605, 13.40780258178711, 13.501238822937012, 20.944976806640625, 25.45216083526613, press_key
424, 273, 151, 40261, 22407, 17854, 66, 744, 94.95518867924528, 67.38746994177092, 4541.071105153078, 74.99328051172093, 8.317888746407728, 66.0, 66.0, 66.0, 95.0, 95.0, 95.0, 95.0, 95.0, 95.0, 66, 171, 82.07692307692308, 18.58407138422211, 345.36770921386307, 1.5464792484437522, 5.247659006514789, 66.0, 66.0, 66.0, 66.0, 74.0, 95.0, 95.0, 95.0, 95.0, 66, 744, 118.23841059602648, 106.22958447316522, 11284.724617341346, 5.302462811467684, 27.512173135624245, 95.0, 95.0, 95.0, 95.0, 95.0, 95.0, 95.0, 95.0, 106.0, 502.64906883239746, 0.0059604644775390625, 49.13781044331003, 70.3059940576707, 4942.932800437228, 2.8097534371916213, 1.4799386436612487, 0.03910064697265625, 0.0400543212890625, 0.052070617675781236, 13.266324996948242, 13.373136520385742, 13.431835174560547, 27.399587631225547, 161.5889072418213, 161.6018295288086, 0.0059604644775390625, 502.64906883239746, 67.19761385637172, 81.89947553389757, 6707.524092727486, 0.8241911275216665, 0.8662357109816683, 0.03814697265625, 0.03981590270996094, 0.0400543212890625, 0.04100799560546875, 0.18143653869628906, 107.0744514465332, 161.5891456604004, 161.59682273864746, 161.60788536071777, 0.2949237823486328, 101.88007354736328, 16.606244030377724, 10.886448451610194, 118.51475988956598, 4.593829641142857, 29.359849368401612, 13.273000717163086, 13.339996337890625, 13.364076614379883, 13.377904891967773, 13.389110565185547, 13.41390609741211, 13.51785659790039, 20.300865173339844, 24.959087371826172, press_key
406, 260, 146, 38175, 21460, 16715, 66, 749, 94.02709359605912, 60.74372196818276, 3689.7997585478893, 91.51670818653304, 9.087607460749835, 66.0, 66.0, 66.0, 95.0, 95.0, 95.0, 95.0, 95.0, 104.0, 66, 171, 82.53846153846153, 18.068312188066816, 326.4639053254438, 1.287451026315998, 4.309262799574926, 66.0, 66.0, 66.0, 66.0, 95.0, 95.0, 95.0, 95.0, 95.0, 66, 749, 114.48630136986301, 95.00354977516248, 9025.674469881777, 5.960228620690507, 35.49661223978089, 95.0, 95.0, 95.0, 95.0, 95.0, 95.0, 95.0, 95.0, 111.0, 502.64596939086914, 0.0050067901611328125, 50.635915921058185, 74.14337983673671, 5497.240773614617, 4.744142700979637, 1.7551428516311125, 0.05803108215332031, 0.06008148193359375, 0.14595985412597656, 13.269662857055664, 13.365983963012695, 13.420820236206055, 25.084686279296864, 161.56697273254395, 161.5955352783203, 0.0050067901611328125, 502.64596939086914, 68.18458472439681, 82.68526153215771, 6836.8524746413195, 0.8083393733901815, 0.8434307362125444, 0.05793571472167969, 0.05888938903808594, 0.05984306335449219, 0.06604194641113281, 0.19621849060058594, 120.9347248077392, 161.5680694580078, 161.5900993347168, 161.59992218017578, 0.24390220642089844, 487.3831272125244, 19.505058249382124, 40.06708009657573, 1605.3709074654148, 10.972498865362272, 124.50735613401467, 13.288140296936035, 13.342857360839844, 13.356566429138184, 13.367891311645508, 13.379931449890137, 13.399839401245117, 13.515472412109375, 21.1639404296875, 24.83952045440674, press_key
457, 294, 163, 43218, 24170, 19048, 66, 749, 94.56892778993435, 65.54254433319434, 4295.825117668745, 81.16899559290943, 8.642320749814463, 66.0, 66.0, 66.0, 95.0, 95.0, 95.0, 95.0, 95.0, 95.0, 66, 171, 82.21088435374149, 18.305692691952526, 335.09838493220417, 1.4777012671363363, 5.118730550539357, 66.0, 66.0, 66.0, 66.0, 95.0, 95.0, 95.0, 95.0, 95.0, 66, 749, 116.85889570552148, 103.28315224387201, 10667.409537430844, 5.5432293532892505, 30.190343737428073, 95.0, 95.0, 95.0, 95.0, 95.0, 95.0, 95.0, 95.0, 104.0, 502.41708755493164, 0.006198883056640625, 50.657359654443304, 70.94437892352383, 5033.104900844532, 2.257776644796609, 1.37701619478865, 0.03981590270996094, 0.04100799560546875, 0.05900859832763672, 9.552001953125, 13.388991355895996, 17.16303825378418, 27.863502502441406, 161.57913208007812, 161.59749031066895, 0.006198883056640625, 502.41708755493164, 69.44428938647586, 82.1891538731815, 6755.057014389506, 0.725203923643223, 0.5404501416093628, 0.03910064697265625, 0.0400543212890625, 0.04100799560546875, 0.04372596740722657, 0.1919269561767578, 129.41737174987747, 161.58008575439453, 161.59257888793945, 161.60507202148438, 0.2689361572265625, 104.24208641052246, 16.88698903183264, 12.764686988790729, 162.9372339218033, 5.061715551307578, 30.458843919724323, 9.530258178710938, 13.243865966796875, 13.365602493286133, 13.390636444091797, 13.427972793579102, 13.520288467407227, 17.1811580657959, 19.840717315673817, 24.94521141052246, press_key
403, 260, 143, 37602, 21319, 16283, 66, 744, 93.30521091811414, 59.685267561713495, 3562.3311639133294, 90.49674490438116, 9.020196567324689, 66.0, 66.0, 66.0, 95.0, 95.0, 95.0, 95.0, 95.0, 95.0, 66, 171, 81.99615384615385, 17.90219111577022, 320.4884467455621, 1.369565878433749, 4.708257830150709, 66.0, 66.0, 66.0, 66.0, 95.0, 95.0, 95.0, 95.0, 95.0, 66, 744, 113.86713286713287, 93.81504179290613, 8801.262066604724, 5.887665727283733, 34.69758559176324, 95.0, 95.0, 95.0, 95.0, 95.0, 95.0, 95.0, 95.0, 104.0, 502.65002250671387, 0.0050067901611328125, 51.7325549576413, 74.36532294050284, 5530.201256045277, 3.767047119327069, 1.6163243343253086, 0.03981590270996094, 0.04100799560546875, 0.06916522979736327, 9.425067901611328, 13.401508331298828, 17.168140411376953, 27.132749557495114, 161.56773567199707, 161.59191131591797, 0.0050067901611328125, 502.65002250671387, 70.04787654950351, 82.96824425433911, 6883.729554647675, 0.7551006686153743, 0.7337589414864429, 0.03910064697265625, 0.0400543212890625, 0.04100799560546875, 0.04715919494628906, 0.15997886657714844, 161.4774227142334, 161.56978607177734, 161.58442497253418, 161.60106658935547, 0.24199485778808594, 450.47998428344727, 18.5600494171356, 37.02331313067635, 1370.7257151721117, 11.119434237934735, 126.56714494095942, 9.381532669067383, 13.252830505371094, 13.378620147705078, 13.402748107910156, 13.432025909423828, 13.544797897338867, 17.275524139404297, 17.546653747558594, 24.81837272644043, press_key
791, 479, 312, 77112, 41709, 35403, 66, 754, 97.48672566371681, 51.31403046588911, 2633.1297226541956, 119.36952363606294, 10.09657704505328, 66.0, 66.0, 95.0, 95.0, 95.0, 95.0, 104.0, 104.0, 111.0, 66, 171, 87.07515657620041, 18.18538806192922, 330.7083389629578, 0.5007248327627246, 1.7379044079450372, 66.0, 66.0, 66.0, 95.0, 95.0, 95.0, 95.0, 104.0, 104.0, 66, 754, 113.47115384615384, 75.80245370970671, 5746.01198841223, 7.3284121979561, 55.66988915198126, 95.0, 95.0, 95.0, 95.0, 95.0, 111.0, 111.0, 111.0, 111.0, 459.7139358520508, 0.0050067901611328125, 39.641389665724354, 61.97973607659692, 3841.4876841246096, 2.5211264485162257, 1.6905044655377712, 0.05698204040527344, 0.064849853515625, 0.20411014556884763, 0.3263950347900395, 13.365507125854492, 17.518234252929688, 24.80790615081787, 70.86319923400912, 161.59391403198242, 0.0050067901611328125, 459.7139358520508, 52.62079697772549, 76.34494902055617, 5828.551240951321, 0.9894361727262287, 0.09975950619810003, 0.05602836608886719, 0.05793571472167969, 0.06198883056640625, 0.1807689666748047, 0.20599365234375, 0.26030540466308594, 161.48169040679932, 161.5891456604004, 161.6023063659668, 0.27108192443847656, 151.63707733154297, 19.75627205310724, 11.987054307128265, 143.68947096204226, 5.805289213747439, 53.94494394599957, 9.572958946228027, 13.356161117553711, 13.375997543334961, 13.892984390258789, 17.46392250061035, 22.999858856201172, 24.710869789123535, 24.851417541503906, 26.729750633239746, press_key
966, 554, 412, 96859, 50683, 46176, 66, 749, 100.26811594202898, 41.71739633917595, 1740.341157319891, 172.951640216095, 11.823580789642616, 66.0, 95.0, 95.0, 95.0, 104.0, 104.0, 104.0, 111.0, 111.0, 66, 171, 91.485559566787, 17.1757944275533, 295.007914217571, -0.17919598537109696, 1.006377905304368, 66.0, 66.0, 95.0, 95.0, 95.0, 104.0, 104.0, 104.0, 104.0, 66, 749, 112.07766990291262, 58.656965472603034, 3440.639598454144, 9.423099227890527, 94.65834521136976, 95.0, 95.0, 95.0, 111.0, 111.0, 111.0, 111.0, 111.0, 111.0, 460.3438377380371, 0.0059604644775390625, 31.808582365204014, 54.52829982589551, 2973.3354819027563, 5.5526119589392735, 2.261579611463097, 0.0591278076171875, 0.20194053649902344, 0.21505355834960938, 0.2575874328613281, 13.375997543334961, 20.93791961669922, 24.74379539489746, 24.95555877685547, 161.56888008117676, 0.0059604644775390625, 460.3438377380371, 39.20918778528141, 70.00298227570735, 4900.4175274929985, 1.4794394863798406, 1.5555862149635935, 0.05793571472167969, 0.06008148193359375, 0.19898414611816406, 0.2040863037109375, 0.21386146545410156, 0.2292633056640625, 0.2599239349365234, 161.55872344970703, 161.59391403198242, 0.2319812774658203, 270.0531482696533, 21.875245478546734, 14.647814150507877, 214.55845938781877, 12.22743764716749, 199.46946991322534, 13.340950012207031, 13.391447067260742, 17.194080352783203, 20.95184326171875, 24.67203140258789, 24.72701072692871, 24.815011024475098, 24.86858367919922, 28.50048542022705, press_key
807, 487, 320, 78792, 42523, 36269, 66, 749, 97.635687732342, 50.9749178085919, 2598.4422455926992, 121.96266189635773, 10.201199131708108, 66.0, 66.0, 95.0, 95.0, 95.0, 95.0, 104.0, 104.0, 111.0, 66, 171, 87.31622176591375, 18.138487439347585, 329.00472658737016, 0.46680806055133256, 1.6920729456751014, 66.0, 66.0, 66.0, 95.0, 95.0, 95.0, 95.0, 104.0, 104.0, 66, 749, 113.340625, 75.1234374187535, 5643.530849609374, 7.431650652058962, 57.29995851954612, 95.0, 95.0, 95.0, 95.0, 95.0, 111.0, 111.0, 111.0, 111.0, 460.1130485534668, 0.0050067901611328125, 39.43275310857124, 61.648265047024275, 3800.5085833081553, 2.5826320072684252, 1.7031574977232784, 0.05698204040527344, 0.07295608520507812, 0.21445751190185547, 0.2930164337158203, 13.385534286499023, 18.24498176574707, 24.821043014526367, 51.59401893615723, 161.57543659210205, 0.0050067901611328125, 460.1130485534668, 52.31524004367154, 76.1831254631087, 5803.868605327761, 0.9975342828697045, 0.11376118680314962, 0.05698204040527344, 0.05817413330078125, 0.06508827209472656, 0.20194053649902344, 0.2149343490600586, 0.2410411834716797, 161.47947311401367, 161.5610122680664, 161.5900993347168, 0.24700164794921875, 107.5749397277832, 19.86747607588768, 11.093063541919372, 123.05605874506077, 4.407719489733959, 30.45048592035338, 9.632039070129395, 13.36674690246582, 13.40479850769043, 13.552474975585938, 18.186569213867188, 24.5574951171875, 24.71294403076172, 24.84607696533203, 26.367187500000007, press_key
1041, 605, 436, 103166, 54754, 48412, 66, 749, 99.10278578290105, 39.6651692327229, 1573.3256502605475, 175.97684407556804, 11.765727833120458, 66.0, 95.0, 95.0, 95.0, 95.0, 104.0, 104.0, 111.0, 111.0, 66, 171, 90.50247933884297, 17.288377899091763, 298.8880103818045, -0.1321487205573435, 0.7358171243057599, 66.0, 66.0, 67.59999999999991, 95.0, 95.0, 104.0, 104.0, 104.0, 104.0, 66, 749, 111.03669724770643, 55.64800524883525, 3096.7004881743956, 9.592800845250984, 98.72762743840622, 95.0, 95.0, 95.0, 95.0, 111.0, 111.0, 111.0, 111.0, 111.0, 502.6729106903076, 0.0059604644775390625, 33.199158769387466, 56.12355610841478, 3149.853550254382, 5.672753559172765, 2.1853291538784343, 0.0400543212890625, 0.17595291137695312, 0.17905235290527344, 0.21824836730957037, 13.371944427490234, 20.908641815185547, 24.80015754699707, 26.768159866333008, 161.59114837646484, 0.0059604644775390625, 502.6729106903076, 42.053322523634954, 71.9597677079896, 5178.208168587822, 1.4169675022274475, 1.7297607664633956, 0.03981590270996094, 0.04076957702636719, 0.1618146896362305, 0.17690658569335938, 0.17881393432617188, 0.18095970153808594, 0.22389888763427734, 161.57488822937012, 161.6041660308838, 0.28586387634277344, 126.74808502197266, 20.933298889650118, 8.993099953994838, 80.87584678254194, 4.648720691798705, 49.332736300649174, 13.334989547729492, 13.389110565185547, 13.548016548156738, 20.836830139160156, 24.67501163482666, 24.743080139160156, 24.863004684448242, 24.90997314453125, 27.040481567382812, press_key
1055, 611, 444, 105416, 55419, 49997, 66, 749, 99.92037914691943, 44.34585434920059, 1966.5547979605133, 153.13906770313054, 11.254067399608465, 66.0, 95.0, 95.0, 95.0, 95.0, 104.0, 104.0, 111.0, 111.0, 66, 171, 90.70212765957447, 17.52882999252317, 307.2598809067799, 0.0005524643559507236, 1.2287661503492764, 66.0, 66.0, 95.0, 95.0, 95.0, 104.0, 104.0, 104.0, 104.0, 66, 749, 112.60585585585585, 63.024555931744864, 3972.094650393637, 8.754563934635287, 80.5975608065638, 95.0, 95.0, 95.0, 97.00000000000017, 111.0, 111.0, 111.0, 111.0, 111.0, 502.6512145996094, 0.0050067901611328125, 33.39573441239417, 56.985393179160646, 3247.3350357835284, 6.6727460618790175, 2.3044796355098454, 0.041961669921875, 0.17786026000976562, 0.19097328186035156, 0.22296905517578125, 13.376474380493164, 20.918560028076172, 24.78702068328857, 26.57747268676762, 161.58406734466553, 0.0050067901611328125, 502.6512145996094, 41.751428901172076, 71.6866498886037, 5138.975772251244, 1.4278666407665328, 1.7732560891428122, 0.0400543212890625, 0.054025650024414174, 0.1726388931274414, 0.17905235290527344, 0.18644332885742188, 0.2028942108154297, 0.22704601287841797, 161.57197952270508, 161.59915924072266, 0.3261566162109375, 401.8440246582031, 21.916064056190283, 20.51233286049091, 420.7557993795752, 14.814906838621248, 264.478945054918, 13.329505920410156, 13.382720947265625, 13.443756103515625, 20.845937728881836, 24.672985076904297, 24.743080139160156, 24.848079681396484, 24.905920028686523, 28.064894676208485, press_key
729, 436, 293, 71197, 38317, 32880, 66, 754, 97.6639231824417, 47.59607511656443, 2265.3863665016434, 134.63904849005348, 10.569760700401304, 66.0, 66.0, 95.0, 95.0, 95.0, 95.0, 104.0, 105.0, 111.0, 66, 171, 87.88302752293578, 17.9188431906979, 321.0849412928204, 0.30225939587518763, 1.2484964440495379, 66.0, 66.0, 66.0, 95.0, 95.0, 95.0, 104.0, 104.0, 104.0, 66, 754, 112.2184300341297, 69.31394721180783, 4804.423278081283, 7.914155039518325, 66.18832125456478, 95.0, 95.0, 95.0, 95.0, 95.0, 111.0, 111.0, 111.0, 111.0, 459.003210067749, 0.0050067901611328125, 38.36398203294356, 61.699357084689865, 3806.8106646640695, 3.512843794263727, 1.8662274357573712, 0.05793571472167969, 0.07295608520507812, 0.2110004425048828, 0.2912044525146486, 13.370513916015625, 19.3366527557373, 24.802637100219727, 32.070016860962006, 161.5769863128662, 0.0050067901611328125, 459.003210067749, 50.45880010758323, 75.7695833759802, 5741.029764969617, 1.0847878262488873, 0.42225412883038116, 0.05602836608886719, 0.05793571472167969, 0.06313323974609374, 0.19617080688476568, 0.2110004425048828, 0.221872329711914, 112.62493133544898, 161.5589141845703, 161.58852577209473, 0.23889541625976562, 332.01003074645996, 20.407511512574075, 19.88902645039378, 395.5733731444634, 13.186197806915946, 202.92682968546356, 9.639549255371094, 13.353919982910156, 13.399124145507812, 17.160654067993164, 20.560026168823242, 24.6579647064209, 24.735212326049805, 24.857616424560547, 26.593351364135746, press_key
791, 476, 315, 77512, 41661, 35851, 66, 749, 97.99241466498104, 52.03171689648478, 2707.29956319594, 120.7783557616548, 10.186193391864615, 66.0, 66.0, 95.0, 95.0, 95.0, 95.0, 104.0, 104.0, 111.0, 66, 171, 87.52310924369748, 18.184554913206625, 330.6780373914272, 0.46081713571611466, 1.7075818669485203, 66.0, 66.0, 66.0, 95.0, 95.0, 95.0, 95.0, 104.0, 104.0, 66, 749, 113.81269841269841, 76.69895695171137, 5882.729997480473, 7.387494176537047, 56.45061208274856, 95.0, 95.0, 95.0, 95.0, 95.0, 111.0, 111.0, 111.0, 111.0, 460.7679843902588, 0.0050067901611328125, 39.405896090254, 62.80621722686789, 3944.620922348517, 4.17012337952303, 1.906537330761229, 0.05698204040527344, 0.0704765319824219, 0.2110004425048828, 0.2876758575439455, 13.364553451538086, 17.627477645874013, 24.817252159118652, 43.10111999511723, 161.58709526062012, 0.0050067901611328125, 460.7679843902588, 51.57562657406456, 75.93863528715127, 5766.676329274976, 1.0286298052728133, 0.2231900710376986, 0.05698204040527344, 0.05793571472167969, 0.06198883056640625, 0.19502639770507812, 0.2110004425048828, 0.2243995666503906, 119.45152282714844, 161.58294677734375, 161.59605979919434, 0.24509429931640625, 434.0369701385498, 21.05471520196824, 25.238508063994683, 636.9822892963246, 14.082535177457498, 225.14056997834243, 13.21859359741211, 13.344001770019531, 13.4002685546875, 13.595390319824219, 17.966032028198242, 24.631643295288086, 24.732255935668945, 24.867630004882812, 26.383209228515646, press_key
585, 376, 209, 54918, 30955, 23963, 66, 749, 93.87692307692308, 59.75532931869371, 3570.6993819855365, 92.88097808695483, 9.099374895082367, 66.0, 66.0, 66.0, 95.0, 95.0, 95.0, 95.0, 95.0, 95.0, 66, 171, 82.32712765957447, 17.80231004149434, 316.92224281349024, 1.249010054945218, 4.229798539406965, 66.0, 66.0, 66.0, 66.0, 95.0, 95.0, 95.0, 95.0, 95.0, 66, 749, 114.6555023923445, 93.55558172358052, 8752.646871637553, 5.971320474439942, 36.046178716613866, 95.0, 95.0, 95.0, 95.0, 95.0, 95.0, 95.0, 95.0, 111.0, 502.66003608703613, 0.0059604644775390625, 49.93907719442289, 70.08582168683057, 4912.022401518209, 1.7373339125415468, 1.320986777467934, 0.05793571472167969, 0.06160736083984376, 0.10304450988769537, 9.580898284912111, 13.35752010345459, 13.887786865234375, 28.549814224243157, 161.55743598937988, 161.6076946258545, 0.0059604644775390625, 502.66003608703613, 68.2920970916748, 81.2762263653293, 6605.824972188248, 0.6710472270532307, 0.1386849487925912, 0.05698204040527344, 0.05888938903808594, 0.06103515625, 0.06699562072753906, 0.19812583923339844, 124.56126213073736, 161.56792640686035, 161.60120964050293, 161.61856651306152, 0.24199485778808594, 142.58599281311035, 17.009017570167067, 13.57011754471482, 184.148090177377, 5.80828438128027, 43.221651391644144, 9.534358978271484, 13.278770446777344, 13.340377807617188, 13.360023498535156, 13.386964797973633, 13.551855087280273, 17.035341262817383, 19.017982482910163, 24.853897094726562, press_key
413, 266, 147, 39409, 21887, 17522, 66, 744, 95.42130750605327, 67.94857570739292, 4617.008940663308, 73.08558295204436, 8.217950664746157, 66.0, 66.0, 66.0, 95.0, 95.0, 95.0, 95.0, 95.0, 95.0, 66, 171, 82.28195488721805, 18.662802594725534, 348.3002006896942, 1.5437337157917226, 5.242123992438286, 66.0, 66.0, 66.0, 66.0, 95.0, 95.0, 95.0, 95.0, 95.0, 66, 744, 119.19727891156462, 107.06839567836953, 11463.641353139898, 5.233028637337535, 26.716145249570314, 95.0, 95.0, 95.0, 95.0, 95.0, 95.0, 95.0, 95.0, 130.80000000000035, 502.6721954345703, 0.0059604644775390625, 49.660706404343394, 70.65031578012446, 4991.4671198313035, 2.7771676655547326, 1.4649016176322598, 0.05698204040527344, 0.05893707275390625, 0.08635520935058594, 9.468698501586914, 13.367056846618652, 16.99519157409668, 26.541876792907715, 161.58485412597656, 161.6079807281494, 0.0059604644775390625, 502.6721954345703, 67.7025282158042, 82.21394038417462, 6759.13199349262, 0.8167796957997678, 0.8698322297218377, 0.05602836608886719, 0.05698204040527344, 0.05888938903808594, 0.06456375122070312, 0.1850128173828125, 119.81768608093262, 161.58699989318848, 161.60202026367188, 161.6147518157959, 0.23698806762695312, 101.78589820861816, 17.13633375102971, 12.658065506361647, 160.22662236334253, 4.731773466494509, 27.172847206587146, 9.469127655029297, 13.314199447631836, 13.353633880615234, 13.370418548583984, 13.391971588134766, 13.578557968139648, 17.197322845458984, 20.50256729125978, 24.850845336914062, press_key
772, 504, 268, 70666, 41266, 29400, 66, 754, 91.53626943005182, 51.71924988706599, 2674.880808880776, 117.8060280990747, 10.100522477181505, 66.0, 66.0, 66.0, 95.0, 95.0, 95.0, 95.0, 95.0, 95.0, 66, 171, 81.87698412698413, 17.50512243714481, 306.42931153943067, 1.098046747847344, 3.2324892145982558, 66.0, 66.0, 66.0, 66.0, 84.5, 95.0, 95.0, 95.0, 95.0, 66, 754, 109.70149253731343, 81.38516585750088, 6623.5452216529275, 6.7998711815091815, 47.35893214695471, 95.0, 95.0, 95.0, 95.0, 95.0, 95.0, 95.0, 95.0, 95.0, 502.6659965515137, 0.0050067901611328125, 52.10256143612002, 70.62355292350988, 4987.6862275398, 0.8210716282064747, 1.1453098678421003, 0.0400543212890625, 0.04100799560546875, 0.04696846008300781, 13.122081756591797, 13.374090194702148, 13.477087020874023, 42.654991149902344, 161.58699989318848, 161.60202026367188, 0.0050067901611328125, 502.6659965515137, 71.42740926496077, 80.7753831828694, 6524.6625283393805, 0.4956944707519006, -0.4249875419694362, 0.03910064697265625, 0.0400543212890625, 0.04100799560546875, 0.04220008850097656, 0.1881122589111328, 154.5388698577881, 161.58795356750488, 161.59605979919434, 161.60917282104492, 0.2601146697998047, 97.85985946655273, 15.832417936467413, 9.30321756682499, 86.54985709568109, 4.884860805860821, 33.70884727231041, 11.910843849182129, 13.306283950805664, 13.350987434387207, 13.371944427490234, 13.386964797973633, 13.414287567138672, 13.466453552246094, 17.482662200927734, 23.372840881347663, press_key
1056, 612, 444, 105478, 55485, 49993, 66, 749, 99.8844696969697, 44.269469108781095, 1959.7858951733235, 152.77473400633264, 11.235419864089133, 66.0, 95.0, 95.0, 95.0, 95.0, 104.0, 104.0, 111.0, 111.0, 66, 171, 90.66176470588235, 17.542897250586538, 307.75324394463667, 0.002890771340770457, 1.2147495065633862, 66.0, 66.0, 80.29999999999964, 95.0, 95.0, 104.0, 104.0, 104.0, 104.0, 66, 749, 112.59684684684684, 62.913153990342764, 3958.0649450125816, 8.747148031417579, 80.46397121729068, 95.0, 95.0, 95.0, 97.00000000000017, 111.0, 111.0, 111.0, 111.0, 111.0, 502.6679039001465, 0.0050067901611328125, 33.334093862235264, 56.27483320394093, 3166.8568521313723, 5.700490866092677, 2.193890776693727, 0.05888938903808594, 0.19807815551757812, 0.21505355834960938, 0.2525806427001953, 13.392925262451172, 20.83568572998047, 24.751901626586914, 26.4448642730713, 161.08155250549316, 0.0050067901611328125, 502.6679039001465, 41.70736197363921, 71.60014517073444, 5126.580788470245, 1.4284394803914844, 1.7825353942188382, 0.05698204040527344, 0.0591278076171875, 0.17905235290527344, 0.2110004425048828, 0.2148151397705078, 0.21982192993164062, 0.2551078796386719, 161.06796264648438, 161.58509254455566, 0.24700164794921875, 266.8170928955078, 21.811420853073532, 15.516930095830839, 240.77511959890083, 10.522105472940115, 149.21961874129133, 13.34388256072998, 13.410139083862305, 13.898158073425293, 20.689678192138672, 24.645566940307617, 24.71170425415039, 24.820828437805176, 24.873971939086914, 27.984094619750962, press_key
766, 499, 267, 70253, 40907, 29346, 66, 744, 91.71409921671018, 52.51236815308357, 2757.548809044986, 117.77424984546282, 10.12678604485966, 66.0, 66.0, 66.0, 95.0, 95.0, 95.0, 95.0, 95.0, 95.0, 66, 171, 81.97795591182364, 17.52494686311974, 307.12376255517046, 1.0931239600903473, 3.235081670909892, 66.0, 66.0, 66.0, 66.0, 95.0, 95.0, 95.0, 95.0, 95.0, 66, 744, 109.91011235955057, 82.6373296386089, 6828.9282498001085, 6.796987480077767, 47.19646237611562, 95.0, 95.0, 95.0, 95.0, 95.0, 95.0, 95.0, 95.0, 95.0, 502.3059844970703, 0.0059604644775390625, 52.7143462810641, 70.8903760521402, 5025.445416813853, 0.779445162756796, 1.1307359089266549, 0.05698204040527344, 0.0591278076171875, 0.07047653198242185, 12.888717651367188, 13.375997543334961, 17.018127441406243, 41.73841476440426, 161.10754013061523, 161.5950107574463, 0.0059604644775390625, 502.3059844970703, 71.71171592421321, 80.70220702859648, 6512.846219286445, 0.4890713035642078, -0.41665530653890936, 0.05698204040527344, 0.05793571472167969, 0.0591278076171875, 0.06198883056640625, 0.1856088638305664, 155.12776374816895, 161.13476753234863, 161.58852577209473, 161.6013526916504, 0.247955322265625, 228.4400463104248, 17.281050092718573, 17.959240811842626, 322.5343305377538, 8.35487742498896, 83.24489888023656, 9.751129150390625, 13.306140899658203, 13.34843635559082, 13.371849060058594, 13.401031494140625, 13.869619369506836, 16.771459579467773, 18.15047264099121, 24.637269973754883, press_key
